{"cameraMode":{"drawMode":0,"name":"Shaded","section":"Shading Mode"},"sceneLighting":false,"audioPlay":false,"sceneViewState":{"showFog":true,"showMaterialUpdate":false,"showSkybox":true,"showFlares":true,"showImageEffects":true,"showParticleSystems":true},"in2DMode":false,"pivot":{"x":-2.143092632293701,"y":32.385398864746097,"z":10.023070335388184},"rotation":{"x":-0.09155052155256272,"y":0.6901050209999085,"z":-0.08868709951639176,"w":-0.7123960852622986},"size":44.489540100097659,"orthographic":false}