{"cameraMode":{"drawMode":0,"name":"Shaded","section":"Shading Mode"},"sceneLighting":false,"audioPlay":false,"sceneViewState":{"showFog":true,"showMaterialUpdate":false,"showSkybox":true,"showFlares":true,"showImageEffects":true,"showParticleSystems":true},"in2DMode":false,"pivot":{"x":-0.007749997079372406,"y":0.2926997244358063,"z":5.088812351226807},"rotation":{"x":-0.39753249287605288,"y":-0.13195277750492097,"z":0.05788200721144676,"w":-0.9062042832374573},"size":1.3167858123779297,"orthographic":false}